{
  "current": {
    "logo_width": 170,
    "type_header_font": "titillium_web_n4",
    "heading_scale": 100,
    "type_body_font": "titillium_web_n4",
    "body_scale": 105,
    "page_width": 1200,
    "spacing_sections": 0,
    "spacing_grid_horizontal": 8,
    "spacing_grid_vertical": 8,
    "buttons_border_thickness": 1,
    "buttons_border_opacity": 100,
    "buttons_radius": 8,
    "buttons_shadow_opacity": 0,
    "buttons_shadow_horizontal_offset": 0,
    "buttons_shadow_vertical_offset": 4,
    "buttons_shadow_blur": 5,
    "variant_pills_border_thickness": 1,
    "variant_pills_border_opacity": 55,
    "variant_pills_radius": 2,
    "variant_pills_shadow_opacity": 0,
    "variant_pills_shadow_horizontal_offset": 0,
    "variant_pills_shadow_vertical_offset": 4,
    "variant_pills_shadow_blur": 5,
    "inputs_border_thickness": 1,
    "inputs_border_opacity": 55,
    "inputs_radius": 10,
    "inputs_shadow_opacity": 0,
    "inputs_shadow_horizontal_offset": 0,
    "inputs_shadow_vertical_offset": 4,
    "inputs_shadow_blur": 5,
    "card_style": "card",
    "card_image_padding": 0,
    "card_text_alignment": "left",
    "card_color_scheme": "background-4",
    "card_border_thickness": 0,
    "card_border_opacity": 10,
    "card_corner_radius": 8,
    "card_shadow_opacity": 0,
    "card_shadow_horizontal_offset": 0,
    "card_shadow_vertical_offset": 4,
    "card_shadow_blur": 5,
    "collection_card_style": "card",
    "collection_card_image_padding": 0,
    "collection_card_text_alignment": "center",
    "collection_card_color_scheme": "background-4",
    "collection_card_border_thickness": 0,
    "collection_card_border_opacity": 10,
    "collection_card_corner_radius": 6,
    "collection_card_shadow_opacity": 0,
    "collection_card_shadow_horizontal_offset": 0,
    "collection_card_shadow_vertical_offset": 4,
    "collection_card_shadow_blur": 5,
    "blog_card_style": "standard",
    "blog_card_image_padding": 0,
    "blog_card_text_alignment": "left",
    "blog_card_color_scheme": "background-2",
    "blog_card_border_thickness": 0,
    "blog_card_border_opacity": 10,
    "blog_card_corner_radius": 0,
    "blog_card_shadow_opacity": 0,
    "blog_card_shadow_horizontal_offset": 0,
    "blog_card_shadow_vertical_offset": 4,
    "blog_card_shadow_blur": 5,
    "text_boxes_border_thickness": 0,
    "text_boxes_border_opacity": 10,
    "text_boxes_radius": 8,
    "text_boxes_shadow_opacity": 0,
    "text_boxes_shadow_horizontal_offset": 0,
    "text_boxes_shadow_vertical_offset": 4,
    "text_boxes_shadow_blur": 5,
    "media_border_thickness": 1,
    "media_border_opacity": 5,
    "media_radius": 0,
    "media_shadow_opacity": 0,
    "media_shadow_horizontal_offset": 0,
    "media_shadow_vertical_offset": 4,
    "media_shadow_blur": 5,
    "popup_border_thickness": 1,
    "popup_border_opacity": 10,
    "popup_corner_radius": 0,
    "popup_shadow_opacity": 0,
    "popup_shadow_horizontal_offset": 0,
    "popup_shadow_vertical_offset": 4,
    "popup_shadow_blur": 5,
    "drawer_border_thickness": 1,
    "drawer_border_opacity": 10,
    "drawer_shadow_opacity": 0,
    "drawer_shadow_horizontal_offset": 0,
    "drawer_shadow_vertical_offset": 4,
    "drawer_shadow_blur": 5,
    "badge_position": "bottom right",
    "badge_corner_radius": 4,
    "sale_badge_color_scheme": "scheme-7eafe8be-6d31-46b8-8e76-2f75654a0c2e",
    "sold_out_badge_color_scheme": "inverse",
    "social_facebook_link": "https:\/\/facebook.com\/shopify",
    "social_instagram_link": "http:\/\/instagram.com\/shopify",
    "social_youtube_link": "https:\/\/www.youtube.com\/shopify",
    "social_tiktok_link": "",
    "social_twitter_link": "",
    "social_snapchat_link": "",
    "social_pinterest_link": "",
    "social_tumblr_link": "",
    "social_vimeo_link": "",
    "predictive_search_enabled": true,
    "predictive_search_show_vendor": false,
    "predictive_search_show_price": false,
    "currency_code_enabled": true,
    "cart_type": "notification",
    "show_vendor": false,
    "show_cart_note": true,
    "sections": {
      "main-password-header": {
        "type": "main-password-header",
        "settings": {
          "color_scheme": "background-1"
        }
      },
      "main-password-footer": {
        "type": "main-password-footer",
        "settings": {
          "color_scheme": "background-1"
        }
      }
    },
    "content_for_index": [

    ],
    "color_schemes": {
      "background-1": {
        "settings": {
          "background": "#1f1f21",
          "background_gradient": "",
          "text": "#ffffff",
          "button": "#661116",
          "button_label": "#ffffff",
          "secondary_button_label": "#fff4f4",
          "shadow": "#121212"
        }
      },
      "background-2": {
        "settings": {
          "background": "#141416",
          "background_gradient": "",
          "text": "#ffffff",
          "button": "#661116",
          "button_label": "#ffffff",
          "secondary_button_label": "#ffffff",
          "shadow": "#000000"
        }
      },
      "background-3": {
        "settings": {
          "background": "#661116",
          "background_gradient": "",
          "text": "#ffffff",
          "button": "#121212",
          "button_label": "#ffffff",
          "secondary_button_label": "#ffffff",
          "shadow": "#121212"
        }
      },
      "background-4": {
        "settings": {
          "background": "#f3f3f3",
          "background_gradient": "",
          "text": "#121212",
          "button": "#121212",
          "button_label": "#f3f3f3",
          "secondary_button_label": "#121212",
          "shadow": "#121212"
        }
      },
      "inverse": {
        "settings": {
          "background": "#121212",
          "background_gradient": "",
          "text": "#ffffff",
          "button": "#ffffff",
          "button_label": "#121212",
          "secondary_button_label": "#ffffff",
          "shadow": "#121212"
        }
      },
      "accent-1": {
        "settings": {
          "background": "#121212",
          "background_gradient": "",
          "text": "#ffffff",
          "button": "#ffffff",
          "button_label": "#121212",
          "secondary_button_label": "#ffffff",
          "shadow": "#121212"
        }
      },
      "accent-2": {
        "settings": {
          "background": "#334fb4",
          "background_gradient": "",
          "text": "#ffffff",
          "button": "#ffffff",
          "button_label": "#334fb4",
          "secondary_button_label": "#ffffff",
          "shadow": "#121212"
        }
      }
    }
  },
  "presets": {
    "Default": {
      "logo_width": 170,
      "color_schemes": {
        "background-1": {
          "settings": {
            "background": "#661116",
            "background_gradient": "",
            "text": "#ffffff",
            "button": "#121212",
            "button_label": "#ffffff",
            "secondary_button_label": "#121212",
            "shadow": "#121212"
          }
        },
        "background-2": {
          "settings": {
            "background": "#F3F3F3",
            "background_gradient": "",
            "text": "#121212",
            "button": "#121212",
            "button_label": "#F3F3F3",
            "secondary_button_label": "#121212",
            "shadow": "#121212"
          }
        },
        "inverse": {
          "settings": {
            "background": "#121212",
            "background_gradient": "",
            "text": "#FFFFFF",
            "button": "#FFFFFF",
            "button_label": "#121212",
            "secondary_button_label": "#FFFFFF",
            "shadow": "#121212"
          }
        },
        "accent-1": {
          "settings": {
            "background": "#121212",
            "background_gradient": "",
            "text": "#FFFFFF",
            "button": "#FFFFFF",
            "button_label": "#121212",
            "secondary_button_label": "#FFFFFF",
            "shadow": "#121212"
          }
        },
        "accent-2": {
          "settings": {
            "background": "#334FB4",
            "background_gradient": "",
            "text": "#FFFFFF",
            "button": "#FFFFFF",
            "button_label": "#334FB4",
            "secondary_button_label": "#FFFFFF",
            "shadow": "#121212"
          }
        }
      },
      "type_header_font": "titillium_web_n4",
      "heading_scale": 100,
      "type_body_font": "titillium_web_n4",
      "body_scale": 100,
      "page_width": 1200,
      "spacing_sections": 0,
      "spacing_grid_horizontal": 8,
      "spacing_grid_vertical": 8,
      "buttons_border_thickness": 1,
      "buttons_border_opacity": 100,
      "buttons_radius": 8,
      "buttons_shadow_opacity": 0,
      "buttons_shadow_horizontal_offset": 0,
      "buttons_shadow_vertical_offset": 4,
      "buttons_shadow_blur": 5,
      "variant_pills_border_thickness": 1,
      "variant_pills_border_opacity": 55,
      "variant_pills_radius": 2,
      "variant_pills_shadow_opacity": 0,
      "variant_pills_shadow_horizontal_offset": 0,
      "variant_pills_shadow_vertical_offset": 4,
      "variant_pills_shadow_blur": 5,
      "inputs_border_thickness": 1,
      "inputs_border_opacity": 55,
      "inputs_radius": 10,
      "inputs_shadow_opacity": 0,
      "inputs_shadow_horizontal_offset": 0,
      "inputs_shadow_vertical_offset": 4,
      "inputs_shadow_blur": 5,
      "card_style": "card",
      "card_image_padding": 0,
      "card_text_alignment": "left",
      "card_color_scheme": "scheme-7eafe8be-6d31-46b8-8e76-2f75654a0c2e",
      "card_border_thickness": 0,
      "card_border_opacity": 10,
      "card_corner_radius": 8,
      "card_shadow_opacity": 0,
      "card_shadow_horizontal_offset": 0,
      "card_shadow_vertical_offset": 4,
      "card_shadow_blur": 5,
      "collection_card_style": "card",
      "collection_card_image_padding": 0,
      "collection_card_text_alignment": "center",
      "collection_card_color_scheme": "scheme-7eafe8be-6d31-46b8-8e76-2f75654a0c2e",
      "collection_card_border_thickness": 0,
      "collection_card_border_opacity": 10,
      "collection_card_corner_radius": 6,
      "collection_card_shadow_opacity": 0,
      "collection_card_shadow_horizontal_offset": 0,
      "collection_card_shadow_vertical_offset": 4,
      "collection_card_shadow_blur": 5,
      "blog_card_style": "standard",
      "blog_card_image_padding": 0,
      "blog_card_text_alignment": "left",
      "blog_card_color_scheme": "background-1",
      "blog_card_border_thickness": 0,
      "blog_card_border_opacity": 10,
      "blog_card_corner_radius": 0,
      "blog_card_shadow_opacity": 0,
      "blog_card_shadow_horizontal_offset": 0,
      "blog_card_shadow_vertical_offset": 4,
      "blog_card_shadow_blur": 5,
      "text_boxes_border_thickness": 0,
      "text_boxes_border_opacity": 10,
      "text_boxes_radius": 0,
      "text_boxes_shadow_opacity": 0,
      "text_boxes_shadow_horizontal_offset": 0,
      "text_boxes_shadow_vertical_offset": 4,
      "text_boxes_shadow_blur": 5,
      "media_border_thickness": 1,
      "media_border_opacity": 5,
      "media_radius": 0,
      "media_shadow_opacity": 0,
      "media_shadow_horizontal_offset": 0,
      "media_shadow_vertical_offset": 4,
      "media_shadow_blur": 5,
      "popup_border_thickness": 1,
      "popup_border_opacity": 10,
      "popup_corner_radius": 0,
      "popup_shadow_opacity": 0,
      "popup_shadow_horizontal_offset": 0,
      "popup_shadow_vertical_offset": 4,
      "popup_shadow_blur": 5,
      "drawer_border_thickness": 1,
      "drawer_border_opacity": 10,
      "drawer_shadow_opacity": 0,
      "drawer_shadow_horizontal_offset": 0,
      "drawer_shadow_vertical_offset": 4,
      "drawer_shadow_blur": 5,
      "badge_position": "bottom right",
      "badge_corner_radius": 4,
      "sale_badge_color_scheme": "background-1",
      "sold_out_badge_color_scheme": "inverse",
      "social_twitter_link": "",
      "social_facebook_link": "",
      "social_pinterest_link": "",
      "social_instagram_link": "",
      "social_tiktok_link": "",
      "social_tumblr_link": "",
      "social_snapchat_link": "",
      "social_youtube_link": "",
      "social_vimeo_link": "",
      "predictive_search_enabled": true,
      "predictive_search_show_vendor": false,
      "predictive_search_show_price": false,
      "currency_code_enabled": true,
      "cart_type": "notification",
      "show_vendor": false,
      "show_cart_note": true,
      "cart_drawer_collection": "",
      "sections": {
        "main-password-header": {
          "type": "main-password-header",
          "settings": {
            "color_scheme": "background-1"
          }
        },
        "main-password-footer": {
          "type": "main-password-footer",
          "settings": {
            "color_scheme": "background-1"
          }
        }
      }
    }
  }
}
