{
  "name": "t:sections.footer.name",
  "type": "footer",
  "sections": {
    "footer": {
      "type": "footer",
      "blocks": {
        "1e4e99e5-725e-469f-92eb-eba55fa3c334": {
          "type": "text",
          "settings": {
            "heading": "Heading",
            "subtext": "<p>Share contact information, store details, and brand content with your customers.<\/p>"
          }
        },
        "footer-0": {
          "type": "link_list",
          "settings": {
            "heading": "Quick links",
            "menu": "footer"
          }
        },
        "78fa2509-eb3a-4ed3-9dca-cd155ec640c5": {
          "type": "image",
          "disabled": true,
          "settings": {
            "image_width": 100,
            "alignment": "center"
          }
        },
        "8426547d-9901-4ba5-a2f4-c5c529a5bf61": {
          "type": "link_list",
          "settings": {
            "heading": "Quick links",
            "menu": "footer"
          }
        }
      },
      "block_order": [
        "1e4e99e5-725e-469f-92eb-eba55fa3c334",
        "footer-0",
        "78fa2509-eb3a-4ed3-9dca-cd155ec640c5",
        "8426547d-9901-4ba5-a2f4-c5c529a5bf61"
      ],
      "settings": {
        "color_scheme": "scheme-ee1be600-79a7-42be-9d89-ab3fb98283b8",
        "newsletter_enable": true,
        "newsletter_heading": "Join the fight crew!",
        "enable_follow_on_shop": true,
        "show_social": false,
        "enable_country_selector": true,
        "enable_language_selector": true,
        "payment_enable": true,
        "show_policy": false,
        "margin_top": 0,
        "padding_top": 28,
        "padding_bottom": 0
      }
    }
  },
  "order": [
    "footer"
  ]
}
