{
  "name": "t:sections.header.name",
  "type": "header",
  "sections": {
    "announcement-bar": {
      "type": "announcement-bar",
      "blocks": {
        "announcement-bar-0": {
          "type": "announcement",
          "settings": {
            "text": "Free Shipping On Orders Over $100",
            "link": ""
          }
        }
      },
      "block_order": [
        "announcement-bar-0"
      ]
    },
    "header": {
      "type": "header"
      
    }
  },
  "order": [
    "announcement-bar",
    "header"
  ]
}
