{
  "sections": {
    "image_banner": {
      "type": "image-banner",
      "blocks": {
        "dd51721e-5480-4f10-baaa-8520618e5e5b": {
          "type": "heading",
          "settings": {
            "heading": "Talk about your brand!",
            "heading_size": "h1"
          }
        },
        "e8d3bbc1-a787-490c-b974-9fda6e2dee19": {
          "type": "buttons",
          "settings": {
            "button_label_1": "Shop now",
            "button_link_1": "shopify:\/\/collections\/all",
            "button_style_secondary_1": false,
            "button_label_2": "",
            "button_link_2": "",
            "button_style_secondary_2": false
          }
        }
      },
      "block_order": [
        "dd51721e-5480-4f10-baaa-8520618e5e5b",
        "e8d3bbc1-a787-490c-b974-9fda6e2dee19"
      ],
      "settings": {
        "image_overlay_opacity": 60,
        "image_height": "medium",
        "desktop_content_position": "middle-center",
        "show_text_box": false,
        "desktop_content_alignment": "center",
        "color_scheme": "",
        "image_behavior": "none",
        "mobile_content_alignment": "center",
        "show_text_below": true
      }
    },
    "cbc219a3-bf54-4d12-9b5b-e76b7ac7aaac": {
      "type": "featured-collection",
      "settings": {
        "title": "On Sale",
        "collection": "",
        "display_style": "grid",
        "buttons_style": "caret",
        "products_to_show": 9,
        "columns_desktop": "4",
        "full_width": false,
        "color_scheme": "",
        "image_ratio": "adapt",
        "image_shape": "default",
        "show_secondary_image": false,
        "show_vendor": false,
        "columns_mobile": "1",
        "padding_top": 24,
        "padding_bottom": 36
      }
    },
    "ee117f9a-29b8-46c8-b3ab-a8c3d403fc1c": {
      "type": "alternate-items",
      "settings": {
        "title": "Collection List",
        "button_label": "Shop Now",
        "color_scheme": ""
      }
    },
    "1fe55a88-f865-4553-b01f-a6dfeb299257": {
      "type": "featured-products",
      "blocks": {
        "e3a5319d-ed94-4bb1-9780-7b167b5067f1": {
          "type": "product",
          "settings": {
            "product": ""
          }
        },
        "b66f50b5-4155-45dc-8a18-50479a739a79": {
          "type": "product",
          "settings": {
            "product": ""
          }
        },
        "500fbaf2-b426-477c-b37d-e6e66289cb57": {
          "type": "product",
          "settings": {
            "product": ""
          }
        },
        "aeca4fa5-7122-4ffe-bcde-e4546251f772": {
          "type": "product",
          "settings": {
            "product": ""
          }
        },
        "d17f1839-b8a5-4bc4-a5e7-7184ae47342d": {
          "type": "product",
          "settings": {
            "product": ""
          }
        }
      },
      "block_order": [
        "e3a5319d-ed94-4bb1-9780-7b167b5067f1",
        "b66f50b5-4155-45dc-8a18-50479a739a79",
        "500fbaf2-b426-477c-b37d-e6e66289cb57",
        "aeca4fa5-7122-4ffe-bcde-e4546251f772",
        "d17f1839-b8a5-4bc4-a5e7-7184ae47342d"
      ],
      "settings": {
        "title": "Featured Products",
        "description": "",
        "display_style": "slider",
        "buttons_style": "caret",
        "hide_button_bg": false,
        "products_to_show": 8,
        "columns_desktop": 4,
        "full_width": false,
        "color_scheme": "",
        "show_secondary_image": false,
        "show_vendor": false,
        "enable_quick_add": false,
        "columns_mobile": "1",
        "padding_top": 36,
        "padding_bottom": 36
      }
    },
    "2a626e1c-b268-4cab-b3c7-e0bacf153480": {
      "type": "image-gallery",
      "blocks": {
        "3929ec5e-2692-42f6-9079-19cf7fa15adc": {
          "type": "image",
          "settings": {
          }
        },
        "ef6d6f77-9003-4cb2-9a0a-80926402b212": {
          "type": "image",
          "settings": {
          }
        },
        "3b08a670-32f9-4fbc-9bab-a645dfe36519": {
          "type": "image",
          "settings": {
          }
        }
      },
      "block_order": [
        "3929ec5e-2692-42f6-9079-19cf7fa15adc",
        "ef6d6f77-9003-4cb2-9a0a-80926402b212",
        "3b08a670-32f9-4fbc-9bab-a645dfe36519"
      ],
      "settings": {
        "title": "Image Gallery",
        "full_width": true,
        "total_to_show": 7,
        "color_scheme": "",
        "padding_top": 8,
        "padding_bottom": 36
      }
    },
    "53b35adc-0f4f-48c3-bdd1-42f4a66fa5d4": {
      "type": "products-grid",
      "blocks": {
        "3069b19b-ffa5-4baa-a1dc-5a5deac4e401": {
          "type": "product",
          "settings": {
            "product": "",
            "image_opacity": 100,
            "content_position": "bottom"
          }
        },
        "d138f7e0-8a56-4684-94da-23b2a75e876a": {
          "type": "product",
          "settings": {
            "product": "",
            "image_opacity": 100,
            "content_position": "bottom"
          }
        },
        "fae93805-f206-4268-9188-1b1c7da1f71e": {
          "type": "product",
          "settings": {
            "product": "",
            "image_opacity": 100,
            "content_position": "bottom"
          }
        },
        "6e107d4e-a279-47a6-929e-0af2b91a01c8": {
          "type": "product",
          "settings": {
            "product": "",
            "image_opacity": 100,
            "content_position": "bottom"
          }
        },
        "924f29a5-5604-47c1-9927-724764e8400b": {
          "type": "product",
          "settings": {
            "product": "",
            "image_opacity": 100,
            "content_position": "bottom"
          }
        }
      },
      "block_order": [
        "3069b19b-ffa5-4baa-a1dc-5a5deac4e401",
        "d138f7e0-8a56-4684-94da-23b2a75e876a",
        "fae93805-f206-4268-9188-1b1c7da1f71e",
        "6e107d4e-a279-47a6-929e-0af2b91a01c8",
        "924f29a5-5604-47c1-9927-724764e8400b"
      ],
      "settings": {
        "show_title": true,
        "show_collection": true,
        "enable_quick_add": true,
        "color_scheme": "",
        "padding_top": 36,
        "padding_bottom": 36
      }
    },
    "f77a9ad5-db63-4018-a03b-551d5894f249": {
      "type": "services",
      "blocks": {
        "28c521e7-7e2b-4e15-b32d-c7890127ff58": {
          "type": "text-with-icon",
          "settings": {
            "title": "Service Title",
            "text": "Something about your service...",
            "icon": "clipboard"
          }
        },
        "8e2b7cf5-8de6-441b-bb5a-2d90feae8e44": {
          "type": "text-with-icon",
          "settings": {
            "title": "Service Title",
            "text": "Something about your service...",
            "icon": "box"
          }
        },
        "edf0140e-6d14-45bf-ad81-8b9f937c6df3": {
          "type": "text-with-icon",
          "settings": {
            "title": "Service Title",
            "text": "Something about your service...",
            "icon": "lightning_bolt"
          }
        }
      },
      "block_order": [
        "28c521e7-7e2b-4e15-b32d-c7890127ff58",
        "8e2b7cf5-8de6-441b-bb5a-2d90feae8e44",
        "edf0140e-6d14-45bf-ad81-8b9f937c6df3"
      ],
      "settings": {
        "title": "Our Services",
        "full_width": false,
        "icon_height_desktop": 50,
        "icon_height_mobile": 30,
        "color_scheme": "",
        "padding_top": 8,
        "padding_bottom": 36
      }
    },
    "3053c8e1-0295-4c6c-be42-6d2fa632a357": {
      "type": "text-with-button",
      "blocks": {
        "template--19329045168405__3053c8e1-0295-4c6c-be42-6d2fa632a357-168624622270ee43b6-0": {
          "type": "heading",
          "settings": {
            "heading": "Talk about your brand",
            "heading_size": "h1"
          }
        },
        "template--19329045168405__3053c8e1-0295-4c6c-be42-6d2fa632a357-168624622270ee43b6-1": {
          "type": "button",
          "settings": {
            "button_label": "Shop now",
            "button_link": "shopify:\/\/collections\/all",
            "button_style_secondary": false
          }
        }
      },
      "block_order": [
        "template--19329045168405__3053c8e1-0295-4c6c-be42-6d2fa632a357-168624622270ee43b6-0",
        "template--19329045168405__3053c8e1-0295-4c6c-be42-6d2fa632a357-168624622270ee43b6-1"
      ],
      "settings": {
        "content_alignment": "center",
        "color_scheme": "background-2",
        "full_width": true,
        "padding_top": 20,
        "padding_bottom": 20
      }
    },
    "c14df30f-abfd-41df-9c2c-6c7d96acd78d": {
      "type": "image-grid",
      "blocks": {
        "8c337781-e374-41f7-b7cb-006d6420fde8": {
          "type": "image",
          "settings": {
            "image_opacity": 90,
            "content_position": "center",
            "title": "",
            "text": "",
            "button_label": "",
            "button_link": ""
          }
        },
        "682881e5-7564-4197-bf95-a880050f5284": {
          "type": "image",
          "settings": {
            "image_opacity": 90,
            "content_position": "center",
            "title": "",
            "text": "",
            "button_label": "",
            "button_link": ""
          }
        },
        "a6186332-4499-4b43-9b4e-d5e2ae12b437": {
          "type": "image",
          "settings": {
            "image_opacity": 90,
            "content_position": "center",
            "title": "",
            "text": "",
            "button_label": "",
            "button_link": ""
          }
        },
        "cc9c9069-b6bb-468c-9e74-e7653efbe950": {
          "type": "image",
          "settings": {
            "image_opacity": 90,
            "content_position": "center",
            "title": "",
            "text": "",
            "button_label": "",
            "button_link": ""
          }
        }
      },
      "block_order": [
        "8c337781-e374-41f7-b7cb-006d6420fde8",
        "682881e5-7564-4197-bf95-a880050f5284",
        "a6186332-4499-4b43-9b4e-d5e2ae12b437",
        "cc9c9069-b6bb-468c-9e74-e7653efbe950"
      ],
      "settings": {
        "title": "",
        "color_scheme": "background-1"
      }
    },
    "3f86922f-2fc3-4ce1-814b-211779434dae": {
      "type": "testimonials",
      "blocks": {
        "eee98820-0b9c-400f-a230-dbb5f43af578": {
          "type": "testimonial",
          "settings": {
            "name": "John Doe",
            "comment": "<p>Lorem ipsum dolor sit amet, consectetur adipiscing elit, sed do eiusmod tempor incididunt ut labore et dolore magna aliqua.<\/p>"
          }
        },
        "cdef2b3f-83e6-4b62-aa11-18bbed9f41bd": {
          "type": "testimonial",
          "settings": {
            "name": "John Doe",
            "comment": "<p>Lorem ipsum dolor sit amet, consectetur adipiscing elit, sed do eiusmod tempor incididunt ut labore et dolore magna aliqua.<\/p>"
          }
        },
        "05a37f07-b256-4c54-b760-27719eb20d12": {
          "type": "testimonial",
          "settings": {
            "name": "John Doe",
            "comment": "<p>Lorem ipsum dolor sit amet, consectetur adipiscing elit, sed do eiusmod tempor incididunt ut labore et dolore magna aliqua.<\/p>"
          }
        }
      },
      "block_order": [
        "eee98820-0b9c-400f-a230-dbb5f43af578",
        "cdef2b3f-83e6-4b62-aa11-18bbed9f41bd",
        "05a37f07-b256-4c54-b760-27719eb20d12"
      ],
      "settings": {
        "title": "What Our Clients Say",
        "full_width": false,
        "total_to_show": 4,
        "color_scheme": ""
      }
    },
    "45ec2cec-b035-4687-8d9b-20af6dcd7926": {
      "type": "contact-with-map",
      "blocks": {
        "0d6338cc-f1cf-45ff-954c-550185b1a96d": {
          "type": "location",
          "settings": {
            "location_name": "Location",
            "location_info": "<p>Location information.<\/p>"
          }
        },
        "fa0e9250-cb55-4df3-90c1-05da826e30ad": {
          "type": "google_map",
          "settings": {
            "map_url": "https:\/\/maps.google.com\/maps?q=Toronto,ON,Canada&output=embed"
          }
        }
      },
      "block_order": [
        "0d6338cc-f1cf-45ff-954c-550185b1a96d",
        "fa0e9250-cb55-4df3-90c1-05da826e30ad"
      ],
      "settings": {
        "title": "Visit us here",
        "color_scheme": "",
        "padding_top": 28,
        "padding_bottom": 40
      }
    }
  },
  "order": [
    "image_banner",
    "cbc219a3-bf54-4d12-9b5b-e76b7ac7aaac",
    "ee117f9a-29b8-46c8-b3ab-a8c3d403fc1c",
    "1fe55a88-f865-4553-b01f-a6dfeb299257",
    "2a626e1c-b268-4cab-b3c7-e0bacf153480",
    "53b35adc-0f4f-48c3-bdd1-42f4a66fa5d4",
    "f77a9ad5-db63-4018-a03b-551d5894f249",
    "3053c8e1-0295-4c6c-be42-6d2fa632a357",
    "c14df30f-abfd-41df-9c2c-6c7d96acd78d",
    "3f86922f-2fc3-4ce1-814b-211779434dae",
    "45ec2cec-b035-4687-8d9b-20af6dcd7926"
  ]
}
