{
  "sections": {
    "main": {
      "type": "nerd-product-main",
      "blocks": {
        "vendor": {
          "type": "text",
          "settings": {
            "text": "{{ product.vendor }}",
            "text_style": "uppercase"
          }
        },
        "title": {
          "type": "title",
          "settings": {
          }
        },
        "caption": {
          "type": "text",
          "settings": {
            "text": "{{ product.metafields.descriptors.subtitle.value }}",
            "text_style": "subtitle"
          }
        },
        "price": {
          "type": "price",
          "settings": {
          }
        },
        "variant_picker": {
          "type": "variant_picker",
          "settings": {
            "picker_type": "button"
          }
        },
        "quantity_selector": {
          "type": "quantity_selector",
          "settings": {
          }
        },
        "cf4d8051-7e9d-42b5-bc2e-f346726e575a": {
          "type": "sku",
          "settings": {
            "text_style": "body"
          }
        },
        "buy_buttons": {
          "type": "buy_buttons",
          "settings": {
            "show_dynamic_checkout": true,
            "show_gift_card_recipient": true
          }
        },
        "description": {
          "type": "description",
          "settings": {
          }
        },
        "42e128dd-ff93-44df-991c-69b39ef18728": {
          "type": "collapsible_tab",
          "disabled": true,
          "settings": {
            "heading": "Special information about the product",
            "icon": "none",
            "content": "<p>Some information<\/p>",
            "page": ""
          }
        }
      },
      "block_order": [
        "vendor",
        "title",
        "caption",
        "price",
        "variant_picker",
        "quantity_selector",
        "cf4d8051-7e9d-42b5-bc2e-f346726e575a",
        "buy_buttons",
        "description",
        "42e128dd-ff93-44df-991c-69b39ef18728"
      ],
      "settings": {
        "enable_sticky_info": false,
        "media_size": "small",
        "constrain_to_viewport": true,
        "media_fit": "contain",
        "gallery_layout": "thumbnail_slider",
        "media_position": "left",
        "image_zoom": "none",
        "mobile_thumbnails": "hide",
        "hide_variants": true,
        "enable_video_looping": false,
        "padding_top": 24,
        "padding_bottom": 40,
        "color_scheme": "background-1"
      }
    },
    "related-products": {
      "type": "related-products",
      "settings": {
        "heading": "You may also like",
        "heading_size": "h2",
        "products_to_show": 4,
        "columns_desktop": 4,
        "color_scheme": "background-1",
        "image_ratio": "square",
        "image_shape": "default",
        "show_secondary_image": true,
        "show_vendor": false,
        "show_rating": false,
        "columns_mobile": "2",
        "padding_top": 36,
        "padding_bottom": 28
      }
    }
  },
  "order": [
    "main",
    "related-products"
  ]
}
