{
  "sections": {
    "main": {
      "type": "main-article",
      "blocks": {
        "featured_image": {
          "type": "featured_image",
          "settings": {
            "image_height": "adapt"
          }
        },
        "title": {
          "type": "title",
          "settings": {
            "blog_show_date": true,
            "blog_show_author": false
          }
        },
        "share": {
          "type": "share",
          "settings": {
            "share_label": "Share"
          }
        },
        "content": {
          "type": "content",
          "settings": {
          }
        }
      },
      "block_order": [
        "featured_image",
        "title",
        "share",
        "content"
      ],
      "settings": {
        "color_scheme": "scheme-ee1be600-79a7-42be-9d89-ab3fb98283b8"
      }
    }
  },
  "order": [
    "main"
  ]
}
