{
  "sections": {
    "main": {
      "type": "main-page",
      "settings": {
        "header_height": 230,
        "padding_top": 0,
        "padding_bottom": 16,
        "background_image": "shopify:\/\/shop_images\/cover.jpg",
        "alternative_title": "Contact Us",
        "image_opacity": 0.2,
        "color_scheme": "scheme-ee1be600-79a7-42be-9d89-ab3fb98283b8"
      }
    },
    "form": {
      "type": "contact-form",
      "blocks": {
        "163ae2ed-79ba-43ea-8a73-e22a16534a6f": {
          "type": "contact",
          "settings": {
            "heading": "Heading",
            "detail": "<p>Add your store details or store hours.<\/p>"
          }
        },
        "d0d9a074-6a55-42c9-b0e6-94aa34ce4d9f": {
          "type": "contact",
          "settings": {
            "heading": "Heading",
            "detail": "<p>Add your store details or store hours.<\/p>"
          }
        }
      },
      "block_order": [
        "163ae2ed-79ba-43ea-8a73-e22a16534a6f",
        "d0d9a074-6a55-42c9-b0e6-94aa34ce4d9f"
      ],
      "settings": {
        "heading": "",
        "heading_size": "h1",
        "color_scheme": "scheme-ee1be600-79a7-42be-9d89-ab3fb98283b8",
        "padding_top": 100,
        "padding_bottom": 52
      }
    }
  },
  "order": [
    "main",
    "form"
  ]
}
